City Slug,Verified Year,Visa Cost,Tax Regime Name,Tax Override,Social Security,Expert Notes,Specific Affiliate
lisbon,2026,2500,ITS Regime (Digital Nomad Visa),0.20,0.15,AI Analysis: Lisbon is a top pick for Europe nomads.,https://lexidy.com/portugal
porto,2026,2500,ITS Regime (Digital Nomad Visa),0.20,0.15,AI Analysis: Porto is a top pick for Europe nomads.,
valencia,2026,2500,Beckham Law (Digital Nomad Visa),0.20,0.15,AI Analysis: Valencia is a top pick for Europe nomads.,
barcelona,2026,2500,Beckham Law (Digital Nomad Visa),0.20,0.15,AI Analysis: Barcelona is a top pick for Europe nomads.,
madrid,2026,2500,Beckham Law (Digital Nomad Visa),0.20,0.15,AI Analysis: Madrid is a top pick for Europe nomads.,
london,2026,2500,Global Talent Visa,0.20,0.15,AI Analysis: London is a top pick for Europe nomads.,
berlin,2026,2500,Freelance Visa,0.20,0.15,AI Analysis: Berlin is a top pick for Europe nomads.,
amsterdam,2026,2500,DAFT / Orientation Visa,0.20,0.15,AI Analysis: Amsterdam is a top pick for Europe nomads.,
athens,2026,2500,Digital Nomad Visa (7% Flat Tax),0.20,0.15,AI Analysis: Athens is a top pick for Europe nomads.,
split,2026,2500,Digital Nomad Visa,0.20,0.15,AI Analysis: Split is a top pick for Europe nomads.,
budapest,2026,2500,White Card (Digital Nomad Permit),0.20,0.15,AI Analysis: Budapest is a top pick for Europe nomads.,
prague,2026,2500,Živnostenský List (Trade License),0.20,0.15,AI Analysis: Prague is a top pick for Europe nomads.,
tallinn,2026,2500,Digital Nomad Visa / e-Residency,0.20,0.15,AI Analysis: Tallinn is a top pick for Europe nomads.,
vilnius,2026,2500,Startup Visa / Freelance Permit,0.20,0.15,AI Analysis: Vilnius is a top pick for Europe nomads.,
bucharest,2026,2500,Digital Nomad Visa,0.20,0.15,AI Analysis: Bucharest is a top pick for Europe nomads.,
tenerife,2026,2500,Beckham Law (Digital Nomad Visa),0.20,0.15,AI Analysis: Tenerife is a top pick for Europe nomads.,
funchal,2026,2500,ITS Regime (Digital Nomad Visa),0.20,0.15,AI Analysis: Funchal is a top pick for Europe nomads.,
tbilisi,2026,2500,Remotely from Georgia,0.20,0.15,AI Analysis: Tbilisi is a top pick for Europe nomads.,
istanbul,2026,2500,Tourist Visa (90/180 days),0.20,0.15,AI Analysis: Istanbul is a top pick for Europe nomads.,
dubai,2026,2500,Virtual Working Visa,0.20,0.15,AI Analysis: Dubai is a top pick for Asia nomads.,
bangkok,2026,2500,LTR Visa (Long-Term Resident),0.20,0.15,AI Analysis: Bangkok is a top pick for Asia nomads.,
chiang-mai,2026,2500,LTR Visa (Long-Term Resident),0.20,0.15,AI Analysis: Chiang Mai is a top pick for Asia nomads.,
bali,2026,2500,B211A Remote Worker Visa,0.20,0.15,AI Analysis: Bali is a top pick for Asia nomads.,
tokyo,2026,2500,Digital Nomad Visa (6 months),0.20,0.15,AI Analysis: Tokyo is a top pick for Asia nomads.,
seoul,2026,2500,Workcation Visa (K-ETA),0.20,0.15,AI Analysis: Seoul is a top pick for Asia nomads.,
singapore,2026,2500,Tech.Pass / EntrePass,0.20,0.15,AI Analysis: Singapore is a top pick for Asia nomads.,
ho-chi-minh-city,2026,2500,E-Visa (90 days),0.20,0.15,AI Analysis: Ho Chi Minh City is a top pick for Asia nomads.,
kuala-lumpur,2026,2500,DE Rantau (Digital Nomad Pass),0.20,0.15,AI Analysis: Kuala Lumpur is a top pick for Asia nomads.,
manila,2026,2500,SIRV / Tourist Visa,0.20,0.15,AI Analysis: Manila is a top pick for Asia nomads.,
da-nang,2026,2500,E-Visa (90 days),0.20,0.15,AI Analysis: Da Nang is a top pick for Asia nomads.,
yerevan,2026,2500,Visa-free (180 days),0.20,0.15,AI Analysis: Yerevan is a top pick for Asia nomads.,
new-york,2026,2500,N/A (Domestic),0.20,0.15,AI Analysis: New York is a top pick for Americas nomads.,
montreal,2026,2500,Working Holiday / Startup Visa,0.20,0.15,AI Analysis: Montreal is a top pick for Americas nomads.,
toronto,2026,2500,Working Holiday / Startup Visa,0.20,0.15,AI Analysis: Toronto is a top pick for Americas nomads.,
mexico-city,2026,2500,Temporary Resident Visa,0.20,0.15,AI Analysis: Mexico City is a top pick for Americas nomads.,
tulum,2026,2500,Temporary Resident Visa,0.20,0.15,AI Analysis: Tulum is a top pick for Americas nomads.,
medellin,2026,2500,Digital Nomad Visa (V-Type),0.20,0.15,AI Analysis: Medellín is a top pick for Americas nomads.,
buenos-aires,2026,2500,Rentista Visa / Tourist (90 days),0.20,0.15,AI Analysis: Buenos Aires is a top pick for Americas nomads.,
rio-de-janeiro,2026,2500,Digital Nomad Visa,0.20,0.15,AI Analysis: Rio de Janeiro is a top pick for Americas nomads.,
san-jose-cr,2026,2500,Digital Nomad Visa (Rentista),0.20,0.15,AI Analysis: San José is a top pick for Americas nomads.,
panama-city,2026,2500,Digital Nomad Visa,0.20,0.15,AI Analysis: Panama City is a top pick for Americas nomads.,
cape-town,2026,2500,Remote Working Visa,0.20,0.15,AI Analysis: Cape Town is a top pick for Africa nomads.,
nairobi,2026,2500,Digital Nomad Work Permit,0.20,0.15,AI Analysis: Nairobi is a top pick for Africa nomads.,
